{"v":"5.7.4","fr":29.9700012207031,"ip":0,"op":60.0000024438501,"w":1080,"h":1080,"nm":"lock color","ddd":0,"assets":[{"id":"comp_0","layers":[{"ddd":0,"ind":1,"ty":4,"nm":"Shape Layer 3","sr":1,"ks":{"o":{"a":0,"k":100,"ix":11},"r":{"a":0,"k":0,"ix":10},"p":{"a":1,"k":[{"i":{"x":0.833,"y":0.833},"o":{"x":0.679,"y":0.679},"t":0,"s":[391,251,0],"to":[0,0,0],"ti":[0,0,0]},{"i":{"x":0.833,"y":0.833},"o":{"x":0.679,"y":0.679},"t":9,"s":[391,251,0],"to":[0,0,0],"ti":[0,0,0]},{"i":{"x":0.346,"y":1},"o":{"x":0.679,"y":0},"t":29,"s":[391,251,0],"to":[0,0,0],"ti":[0,0,0]},{"i":{"x":0.557,"y":0.841},"o":{"x":0.792,"y":0},"t":39,"s":[391,131,0],"to":[0,0,0],"ti":[0,0,0]},{"i":{"x":0.591,"y":0.993},"o":{"x":0.265,"y":0.108},"t":47,"s":[391,284.885,0],"to":[0,0,0],"ti":[0,0,0]},{"t":49.0000019958109,"s":[391,251,0]}],"ix":2,"x":"var $bm_rt;\n$bm_rt = loopOut('cycle', 0);","l":2},"a":{"a":0,"k":[-143,19,0],"ix":1,"l":2},"s":{"a":0,"k":[100,100,100],"ix":6,"l":2}},"ao":0,"shapes":[{"ty":"gr","it":[{"d":1,"ty":"el","s":{"a":0,"k":[56,56],"ix":2},"p":{"a":0,"k":[0,0],"ix":3},"nm":"Ellipse Path 1","mn":"ADBE Vector Shape - Ellipse","hd":false},{"ty":"fl","c":{"a":0,"k":[1,1,1,1],"ix":4},"o":{"a":0,"k":100,"ix":5},"r":1,"bm":0,"nm":"Fill 1","mn":"ADBE Vector Graphic - Fill","hd":false},{"ty":"tr","p":{"a":0,"k":[-144,18],"ix":2},"a":{"a":0,"k":[0,0],"ix":1},"s":{"a":0,"k":[147.024,147.024],"ix":3},"r":{"a":0,"k":0,"ix":6},"o":{"a":0,"k":100,"ix":7},"sk":{"a":0,"k":0,"ix":4},"sa":{"a":0,"k":0,"ix":5},"nm":"Transform"}],"nm":"Ellipse 1","np":3,"cix":2,"bm":0,"ix":1,"mn":"ADBE Vector Group","hd":false}],"ip":0,"op":318.000012952406,"st":0,"bm":0},{"ddd":0,"ind":2,"ty":4,"nm":"Shape Layer 2","sr":1,"ks":{"o":{"a":0,"k":100,"ix":11},"r":{"a":0,"k":0,"ix":10},"p":{"a":1,"k":[{"i":{"x":0.833,"y":0.833},"o":{"x":0.777,"y":0.777},"t":0,"s":[249,251,0],"to":[0,0,0],"ti":[0,0,0]},{"i":{"x":0.833,"y":0.833},"o":{"x":0.777,"y":0.777},"t":9,"s":[249,251,0],"to":[0,0,0],"ti":[0,0,0]},{"i":{"x":0.42,"y":1},"o":{"x":0.777,"y":0},"t":19,"s":[249,251,0],"to":[0,-20,0],"ti":[0,0,0]},{"i":{"x":0.564,"y":0.846},"o":{"x":0.818,"y":0},"t":29,"s":[249,131,0],"to":[0,0,0],"ti":[0,-28.532,0]},{"i":{"x":0.588,"y":1},"o":{"x":0.263,"y":0.103},"t":37,"s":[249,285.358,0],"to":[0,2.266,0],"ti":[0,-1.471,0]},{"i":{"x":0.833,"y":1},"o":{"x":0.167,"y":0},"t":39,"s":[249,251,0],"to":[0,20,0],"ti":[0,0,0]},{"t":49.0000019958109,"s":[249,251,0]}],"ix":2,"x":"var $bm_rt;\n$bm_rt = loopOut('cycle', 0);","l":2},"a":{"a":0,"k":[-143,19,0],"ix":1,"l":2},"s":{"a":0,"k":[100,100,100],"ix":6,"l":2}},"ao":0,"shapes":[{"ty":"gr","it":[{"d":1,"ty":"el","s":{"a":0,"k":[56,56],"ix":2},"p":{"a":0,"k":[0,0],"ix":3},"nm":"Ellipse Path 1","mn":"ADBE Vector Shape - Ellipse","hd":false},{"ty":"fl","c":{"a":0,"k":[1,1,1,1],"ix":4},"o":{"a":0,"k":100,"ix":5},"r":1,"bm":0,"nm":"Fill 1","mn":"ADBE Vector Graphic - Fill","hd":false},{"ty":"tr","p":{"a":0,"k":[-144,18],"ix":2},"a":{"a":0,"k":[0,0],"ix":1},"s":{"a":0,"k":[147.024,147.024],"ix":3},"r":{"a":0,"k":0,"ix":6},"o":{"a":0,"k":100,"ix":7},"sk":{"a":0,"k":0,"ix":4},"sa":{"a":0,"k":0,"ix":5},"nm":"Transform"}],"nm":"Ellipse 1","np":3,"cix":2,"bm":0,"ix":1,"mn":"ADBE Vector Group","hd":false}],"ip":0,"op":318.000012952406,"st":0,"bm":0},{"ddd":0,"ind":3,"ty":4,"nm":"Shape Layer 1","sr":1,"ks":{"o":{"a":0,"k":100,"ix":11},"r":{"a":0,"k":0,"ix":10},"p":{"a":1,"k":[{"i":{"x":0.833,"y":0.833},"o":{"x":0.753,"y":0.753},"t":0,"s":[106,252,0],"to":[0,0,0],"ti":[0,0,0]},{"i":{"x":0.371,"y":1},"o":{"x":0.753,"y":0},"t":9,"s":[106,252,0],"to":[0,-20,0],"ti":[0,0,0]},{"i":{"x":0.633,"y":0.821},"o":{"x":0.855,"y":0},"t":19,"s":[106,132,0],"to":[0,0,0],"ti":[0,-30.768,0]},{"i":{"x":0.574,"y":0.983},"o":{"x":0.252,"y":0.144},"t":27,"s":[106,283.796,0],"to":[0,3.413,0],"ti":[0,-1.997,0]},{"i":{"x":0.667,"y":1},"o":{"x":0.167,"y":0},"t":29,"s":[106,252,0],"to":[0,20,0],"ti":[0,0,0]},{"t":49.0000019958109,"s":[106,252,0]}],"ix":2,"x":"var $bm_rt;\n$bm_rt = loopOut('cycle', 0);","l":2},"a":{"a":0,"k":[-144,20,0],"ix":1,"l":2},"s":{"a":0,"k":[100,100,100],"ix":6,"l":2}},"ao":0,"shapes":[{"ty":"gr","it":[{"d":1,"ty":"el","s":{"a":0,"k":[56,56],"ix":2},"p":{"a":0,"k":[0,0],"ix":3},"nm":"Ellipse Path 1","mn":"ADBE Vector Shape - Ellipse","hd":false},{"ty":"fl","c":{"a":0,"k":[1,1,1,1],"ix":4},"o":{"a":0,"k":100,"ix":5},"r":1,"bm":0,"nm":"Fill 1","mn":"ADBE Vector Graphic - Fill","hd":false},{"ty":"tr","p":{"a":0,"k":[-144,18],"ix":2},"a":{"a":0,"k":[0,0],"ix":1},"s":{"a":0,"k":[147.024,147.024],"ix":3},"r":{"a":0,"k":0,"ix":6},"o":{"a":0,"k":100,"ix":7},"sk":{"a":0,"k":0,"ix":4},"sa":{"a":0,"k":0,"ix":5},"nm":"Transform"}],"nm":"Ellipse 1","np":3,"cix":2,"bm":0,"ix":1,"mn":"ADBE Vector Group","hd":false}],"ip":0,"op":318.000012952406,"st":0,"bm":0}]}],"layers":[{"ddd":0,"ind":1,"ty":0,"nm":"Comp 1","refId":"comp_0","sr":1,"ks":{"o":{"a":0,"k":100,"ix":11},"r":{"a":0,"k":0,"ix":10},"p":{"a":0,"k":[536,692,0],"ix":2,"l":2},"a":{"a":0,"k":[250,250,0],"ix":1,"l":2},"s":{"a":0,"k":[100,100,100],"ix":6,"l":2}},"ao":0,"w":500,"h":500,"ip":0,"op":300.00001221925,"st":0,"bm":0},{"ddd":0,"ind":2,"ty":4,"nm":"lock (1) Outlines","sr":1,"ks":{"o":{"a":0,"k":100,"ix":11},"r":{"a":0,"k":0,"ix":10},"p":{"a":0,"k":[540,540,0],"ix":2,"l":2},"a":{"a":0,"k":[256,256,0],"ix":1,"l":2},"s":{"a":0,"k":[170,170,100],"ix":6,"l":2}},"ao":0,"shapes":[{"ty":"gr","it":[{"ind":0,"ty":"sh","ix":1,"ks":{"a":0,"k":{"i":[[26.453,0],[0,0],[0,-26.477],[0,0],[-26.453,0],[0,0],[0,26.477],[0,0]],"o":[[0,0],[-26.453,0],[0,0],[0,26.477],[0,0],[26.453,0],[0,0],[0,-26.477]],"v":[[144,-160],[-144,-160],[-192,-112],[-192,112],[-144,160],[144,160],[192,112],[192,-112]],"c":true},"ix":2},"nm":"Path 1","mn":"ADBE Vector Shape - Group","hd":false},{"ty":"fl","c":{"a":0,"k":[0.20784313725490197,0.7137254901960784,1,1],"ix":4},"o":{"a":0,"k":100,"ix":5},"r":1,"bm":0,"nm":"Fill 1","mn":"ADBE Vector Graphic - Fill","hd":false},{"ty":"tr","p":{"a":0,"k":[256,352],"ix":2},"a":{"a":0,"k":[0,0],"ix":1},"s":{"a":0,"k":[100,100],"ix":3},"r":{"a":0,"k":0,"ix":6},"o":{"a":0,"k":100,"ix":7},"sk":{"a":0,"k":0,"ix":4},"sa":{"a":0,"k":0,"ix":5},"nm":"Transform"}],"nm":"Group 1","np":2,"cix":2,"bm":0,"ix":1,"mn":"ADBE Vector Group","hd":false},{"ty":"gr","it":[{"ind":0,"ty":"sh","ix":1,"ks":{"a":0,"k":{"i":[[11.797,0],[0,11.777],[0,0],[47.063,0],[0,-47.062],[0,0],[11.797,0],[0,11.777],[0,0],[-70.594,0],[0,-70.594],[0,0]],"o":[[-11.797,0],[0,0],[0,-47.062],[-47.062,0],[0,0],[0,11.777],[-11.797,0],[0,0],[0,-70.594],[70.594,0],[0,0],[0,11.777]],"v":[[106.668,117.334],[85.332,95.998],[85.332,10.666],[0,-74.666],[-85.332,10.666],[-85.332,95.998],[-106.668,117.334],[-128,95.998],[-128,10.666],[0,-117.334],[128,10.666],[128,95.998]],"c":true},"ix":2},"nm":"Path 1","mn":"ADBE Vector Shape - Group","hd":false},{"ty":"fl","c":{"a":0,"k":[0.484379188687,0.58339323156,0.632811662263,1],"ix":4},"o":{"a":0,"k":100,"ix":5},"r":1,"bm":0,"nm":"Fill 1","mn":"ADBE Vector Graphic - Fill","hd":false},{"ty":"tr","p":{"a":0,"k":[256,117.334],"ix":2},"a":{"a":0,"k":[0,0],"ix":1},"s":{"a":0,"k":[100,100],"ix":3},"r":{"a":0,"k":0,"ix":6},"o":{"a":0,"k":100,"ix":7},"sk":{"a":0,"k":0,"ix":4},"sa":{"a":0,"k":0,"ix":5},"nm":"Transform"}],"nm":"Group 2","np":2,"cix":2,"bm":0,"ix":2,"mn":"ADBE Vector Group","hd":false}],"ip":0,"op":150.000006109625,"st":0,"bm":0}],"markers":[]}